<?xml version="1.0" encoding="UTF-8"?>
<project-private xmlns="http://www.netbeans.org/ns/project-private/1">
    <editor-bookmarks xmlns="http://www.netbeans.org/ns/editor-bookmarks/2" lastBookmarkId="0"/>
    <open-files xmlns="http://www.netbeans.org/ns/projectui-open-files/2">
        <group>
            <file>file:/C:/Users/admin/Desktop/MC%20Module/Assignment/CAN_ECU1.X/ADC.h</file>
            <file>file:/C:/Users/admin/Desktop/MC%20Module/Assignment/CAN_ECU1.X/MSG_ID.h</file>
            <file>file:/C:/Users/admin/Desktop/MC%20Module/Assignment/CAN_ECU1.X/ECU1_MAIN.c</file>
            <file>file:/C:/Users/admin/Desktop/MC%20Module/Assignment/CAN_ECU1.X/CLCD.h</file>
            <file>file:/C:/Users/admin/Desktop/MC%20Module/Assignment/CAN_ECU1.X/ADC.c</file>
            <file>file:/C:/Users/admin/Desktop/MC%20Module/Assignment/CAN_ECU1.X/CLCD.c</file>
            <file>file:/C:/Users/admin/Desktop/MC%20Module/Assignment/CAN_ECU1.X/ECU1_SENSOR.h</file>
            <file>file:/C:/Users/admin/Desktop/MC%20Module/Assignment/CAN_ECU1.X/MATRIX_KEYPAD.h</file>
            <file>file:/C:/Users/admin/Desktop/MC%20Module/Assignment/CAN_ECU1.X/UART.c</file>
            <file>file:/C:/Users/admin/Desktop/MC%20Module/Assignment/CAN_ECU1.X/CAN.c</file>
            <file>file:/C:/Users/admin/Desktop/MC%20Module/Assignment/CAN_ECU1.X/UART.h</file>
            <file>file:/C:/Users/admin/Desktop/MC%20Module/Assignment/CAN_ECU1.X/CAN.h</file>
            <file>file:/C:/Users/admin/Desktop/MC%20Module/Assignment/CAN_ECU1.X/ECU1_SENSOR.c</file>
            <file>file:/C:/Users/admin/Desktop/MC%20Module/Assignment/CAN_ECU1.X/MATRIX_KEYPAD.c</file>
        </group>
    </open-files>
</project-private>
